dim_0,dim_1,dim_2,dim_3,dim_4,dim_5,dim_6,dim_7
0.3703718187367688,-1.378330185423444,-0.42314755700462287,0.9124148168821247,1.342788897349675,-0.23967465350093645,-0.4649655482807129,0.8192555134918398
0.7126038846854825,-0.5057357932114469,0.11156949111557903,-0.0892322058232777,-1.9117459198106788,-0.5746286339469672,-0.2408269490047188,-0.08491411946128812
-1.6546167465912052,-0.6613027657349848,-0.7284083063687098,-0.1842700562147513,-0.7513258173410646,-1.1674380972778993,-0.7347315597788605,0.30524987471482123
1.842746077091845,-0.7918793080804722,0.32145509976142933,-2.2295741188038627,-0.29908097805996114,-0.18520811625368286,-0.592540118959362,1.2211033837706562
